sector,selection_freq,mean_coef
education,1.0,1.6315749183553812
energy,0.755,0.06521320649290611
research_innovation,1.0,1.6544285162123067
health,1.0,-1.7723071929298493
housing_living,1.0,1.3454997566325566
security_stability,1.0,0.3198393349636471
