dropped_sector,kendall_tau
housing_living,0.9841897233201582
energy,0.9604743083003953
research_innovation,0.9446640316205535
security_stability,0.9367588932806324
education,0.9209486166007905
health,0.9130434782608695
