sector,posterior_mean,hdi_5%,hdi_95%,r_hat,ess_bulk
education,0.009962403220087915,-0.47775486807750284,0.4994800364250452,1.0000234689597696,4937.316494616805
energy,0.9155813861449347,0.10440877606876384,1.739225668735707,1.000154376224183,3419.243432807361
research_innovation,0.29551549974310093,-0.15075423341446895,0.769856554492712,1.0001869117363007,3153.3754359760987
health,-0.9221833419474104,-1.3815907200761517,-0.44924609355926387,1.0000714865689193,3892.529168471483
housing_living,0.005706609346833646,-0.6470735898354795,0.6420091141728627,1.0001285047349844,3834.4195607222327
security_stability,-0.009958221252328932,-0.7324955832079516,0.7777092284765581,1.000107410046561,3272.6268633067075
