n_months,beta,se,tstat,r2,intercept
204,0.09570999201442983,0.13045030007394443,0.7336893204552047,0.0026577690189938386,-5.0269928353280076e-05
