kpi_sharpe,percentile_rank,random_mean,random_std,random_p05,random_p95,n_random
0.1517442214376412,0.0,0.2765215922754436,0.052060757647980974,0.20963023909715867,0.36589042753461054,5000
