rank_spearman,auc_imputed,auc_raw,n_countries
0.8616600790513835,0.8167616380142939,0.8130371900826446,23
